{
    "loss": 2.3275868892669678,
    "accuracy": 0.831155002117157
}